inlier_index,moving_keypoint_index,reference_keypoint_index,moving_x_px,moving_y_px,reference_x_px,reference_y_px,projected_reference_x_px,projected_reference_y_px,reprojection_error_px,descriptor_distance
1,732,14708,133.1820831298828,55.094234466552734,267.1812744140625,535.3587036132812,267.25982666015625,535.5529174804688,0.20949816604041419,55.09083557128906
2,529,13867,92.25682830810547,30.18834686279297,221.44837951660156,507.7256164550781,221.3651885986328,507.60284423828125,0.14830288618129508,63.48228073120117
3,584,14150,103.3214111328125,37.290645599365234,233.86474609375,515.7772827148438,233.77182006835938,515.5722045898438,0.2251494693496183,66.67082977294922
4,849,8411,158.77244567871094,69.3847885131836,296.0277404785156,551.6837768554688,295.9648132324219,551.5947265625,0.1090403273049177,67.69047546386719
5,695,14583,124.95851135253906,9.715315818786621,258.1144104003906,484.6744384765625,258.04083251953125,484.6440124511719,0.07962064790509644,70.32780456542969
6,499,6253,85.51559448242188,37.40860366821289,213.83363342285156,515.7047729492188,213.8040771484375,515.7007446289062,0.029829527682808953,74.58551788330078
7,840,8376,157.1425323486328,75.82131958007812,294.3423156738281,558.8272094726562,294.1363830566406,558.8170776367188,0.2061817085028588,75.1531753540039
8,770,7953,143.2561798095703,49.655731201171875,278.56304931640625,529.4225463867188,278.55987548828125,529.4534912109375,0.03110715883677546,75.43209075927734
9,299,12406,46.46562576293945,10.24991226196289,169.93209838867188,485.181884765625,170.0279083251953,485.2317199707031,0.1079957943709101,76.49182891845703
10,292,12390,45.621620178222656,75.99888610839844,169.04989624023438,559.0186767578125,169.05714416503906,558.9828491210938,0.03655341251956003,77.82030487060547
11,602,14218,106.83248901367188,29.667377471923828,237.72402954101562,506.9105224609375,237.71063232421875,507.02130126953125,0.11158597515527284,78.358154296875
12,552,13965,96.35199737548828,29.773944854736328,226.06698608398438,506.9624328613281,225.9575653076172,507.1387939453125,0.2075479179489446,78.82892608642578
13,842,8375,157.3417510986328,103.52426147460938,294.327392578125,589.9509887695312,294.3599548339844,589.907470703125,0.05435184091077492,80.1249008178711
14,388,5534,62.0082893371582,108.79450988769531,187.42002868652344,595.7822875976562,187.422119140625,595.7870483398438,0.005199486948399982,82.8070068359375
15,551,13962,96.35199737548828,29.773944854736328,226.06698608398438,506.9624328613281,225.9575653076172,507.1387939453125,0.2075479179489446,82.90355682373047
16,855,8449,160.0328369140625,87.47034454345703,297.5926513671875,572.2943725585938,297.37896728515625,571.8908081054688,0.4566455460634849,86.51011657714844
17,280,4924,43.42165756225586,41.497886657714844,166.59774780273438,520.3153686523438,166.60340881347656,520.2786254882812,0.03717670168192646,86.5794448852539
18,788,8035,146.4231719970703,57.162437438964844,282.0091552734375,537.5767211914062,282.11199951171875,537.8768310546875,0.31724260020738243,87.48714447021484
19,397,12816,65.2372817993164,103.8612060546875,191.06488037109375,590.48291015625,191.0449981689453,590.252197265625,0.23156800267483965,89.87769317626953
20,89,11758,15.867132186889648,104.13314819335938,135.80926513671875,590.37646484375,135.6813507080078,590.5394287109375,0.20716979287808987,92.09777069091797
21,789,8053,146.8224639892578,62.62200927734375,282.4671936035156,544.0769653320312,282.5597229003906,544.0028686523438,0.11854108452723831,93.58419036865234
22,679,7361,122.66439819335938,32.397552490234375,255.47763061523438,510.22076416015625,255.4654998779297,510.08709716796875,0.13421631640008796,93.99468231201172
23,223,4624,35.05790328979492,100.92822265625,157.174072265625,587.1544189453125,157.20184326171875,586.9501953125,0.20610317907100295,94.91048431396484
24,244,4742,38.392452239990234,98.66486358642578,160.8579559326172,584.3671264648438,160.94200134277344,584.4117431640625,0.09515398476947089,95.00526428222656
25,791,8071,147.50843811035156,49.365196228027344,283.2637939453125,528.8162231445312,283.32958984375,529.1285400390625,0.31917227771352846,95.57196044921875
26,278,4922,43.42165756225586,41.497886657714844,166.59774780273438,520.3153686523438,166.60340881347656,520.2786254882812,0.03717670168192646,97.83660125732422
27,116,4096,18.908899307250977,103.59308624267578,139.13436889648438,589.8580932617188,139.09231567382812,589.9345703125,0.08727664539826235,98.26494598388672
28,649,7160,116.29956817626953,37.34233856201172,248.23533630371094,515.7703857421875,248.32659912109375,515.6329345703125,0.16499007996379472,101.69070434570312
29,568,14024,99.797607421875,52.878902435302734,229.7866668701172,533.0731201171875,229.81707763671875,533.05908203125,0.03349451570157933,102.5865478515625
30,270,4883,42.113861083984375,50.95306396484375,165.18223571777344,531.1149291992188,165.13348388671875,530.8844604492188,0.23556864340940475,102.61091613769531
31,132,4184,22.07063865661621,103.24148559570312,142.6674041748047,589.4254150390625,142.6377410888672,589.5411987304688,0.11952305996331102,105.66929626464844
32,372,5433,58.6396598815918,109.16483306884766,183.70298767089844,596.3490600585938,183.64405822753906,596.2013549804688,0.15902663109856205,107.03270721435547
33,850,8419,158.80197143554688,110.08885192871094,296.3329162597656,597.2404174804688,295.9982604980469,597.2760620117188,0.3365486762113157,107.93053436279297
34,66,11660,12.466060638427734,54.296661376953125,131.813232421875,534.66455078125,131.8919677734375,534.6277465820312,0.08691262661894364,108.93116760253906
35,706,14616,126.5755615234375,88.05821990966797,259.815185546875,571.98583984375,259.8464050292969,572.5396118164062,0.5546512902556743,109.25199890136719
36,865,8513,162.51805114746094,68.84507751464844,300.1306457519531,550.9913940429688,300.16668701171875,550.9901123046875,0.03606404384584293,66.01515197753906
37,874,10070,163.9364471435547,76.43282318115234,301.6086120605469,559.5119018554688,301.7580871582031,559.5053100585938,0.14962037496740455,80.96295166015625
38,897,8700,169.9591522216797,35.43302536010742,308.49334716796875,513.5357055664062,308.512939453125,513.5022583007812,0.03876309089111859,82.85529327392578
39,887,8634,167.0334930419922,105.13748168945312,305.1016540527344,591.8588256835938,305.23358154296875,591.7216186523438,0.1903434582642114,83.90470886230469
40,1026,11337,195.70127868652344,106.0855941772461,337.4423522949219,593.0432739257812,337.39996337890625,592.7963256835938,0.25055988210500874,85.17041778564453
41,900,8719,170.8553009033203,20.828262329101562,309.5361328125,496.92730712890625,309.5174865722656,497.1174621582031,0.19106704959718568,89.4315414428711
42,862,8507,162.2357177734375,93.21098327636719,299.90509033203125,578.6552734375,299.8504333496094,578.3341674804688,0.3257244562025089,91.71695709228516
43,1033,11347,196.38856506347656,110.4620132446289,338.3730773925781,597.6380004882812,338.1717529296875,597.7090454101562,0.2134922019241534,95.01052856445312
44,914,8805,174.20761108398438,11.52468204498291,313.0959167480469,486.5791320800781,313.2772521972656,486.68115234375,0.20806412315208203,96.25486755371094
45,992,9229,189.53616333007812,93.87688446044922,330.65533447265625,579.1946411132812,330.4808044433594,579.0908203125,0.20307508414679543,98.0866928100586
46,1031,122,196.2611083984375,100.56597137451172,338.04638671875,586.5035400390625,338.02740478515625,586.6010131835938,0.09930421797571082,102.54754638671875
47,919,8832,174.62376403808594,35.54368209838867,313.775390625,513.6904907226562,313.7455139160156,513.6273803710938,0.06982502570052788,111.62885284423828
48,967,10903,184.430419921875,80.05218505859375,324.92742919921875,563.6486206054688,324.750732421875,563.5733642578125,0.19205537999812744,112.56997680664062
49,866,8520,162.6768798828125,99.64512634277344,300.2976379394531,585.527099609375,300.34552001953125,585.5555419921875,0.05569257340670092,115.46427917480469
50,903,8764,172.76419067382812,49.8616828918457,311.57391357421875,529.7050170898438,311.6602783203125,529.691650390625,0.08739300896434701,120.78907012939453
51,879,10125,165.87071228027344,15.477770805358887,303.912109375,490.9820251464844,303.9261169433594,491.1143493652344,0.13306355939602854,130.410888671875
52,870,8537,163.46693420410156,46.193931579589844,301.1345520019531,525.5135498046875,301.23065185546875,525.5741577148438,0.11361558264266683,133.03758239746094
53,985,9194,188.4804229736328,81.05136108398438,329.2966613769531,564.4490966796875,329.2948303222656,564.6959838867188,0.2468939970047063,154.8773651123047
54,972,10986,185.9783935546875,89.5711898803711,326.44598388671875,573.8945922851562,326.48846435546875,574.257080078125,0.3649684784698195,170.1264190673828
55,1070,11637,204.2446746826172,31.060670852661133,347.1095275878906,508.860107421875,346.974609375,508.6036071777344,0.2898194255287251,182.37599182128906
56,1014,11243,193.354736328125,67.66323852539062,334.46270751953125,549.8480834960938,334.7621154785156,549.672607421875,0.3470403125379146,187.87762451171875
57,987,11069,188.9169158935547,88.91565704345703,329.6988830566406,573.75244140625,329.7854309082031,573.5223388671875,0.24584082064029536,190.1551971435547
58,505,6304,87.15992736816406,169.40675354003906,215.66436767578125,663.9358520507812,215.6171875,663.8306884765625,0.11526207671741902,37.0675048828125
59,439,5872,72.7647705078125,161.56640625,199.4770050048828,654.9579467773438,199.4709930419922,655.0218505859375,0.06418598328751292,50.29910659790039
60,470,6004,77.39671325683594,167.5133056640625,204.68768310546875,661.7080078125,204.66526794433594,661.7000732421875,0.023778075083024583,52.5927734375
61,484,6112,81.06674194335938,165.71290588378906,208.7353515625,659.5553588867188,208.78271484375,659.6807861328125,0.13407190038717556,58.830265045166016
62,493,13693,84.25432586669922,165.24661254882812,212.28909301757812,658.9036865234375,212.358642578125,659.158935546875,0.2645547303263747,66.8580551147461
63,51,11635,11.266860008239746,138.0465850830078,130.4909210205078,627.9649658203125,130.506591796875,628.5940551757812,0.629284506718573,72.41546630859375
64,162,4305,25.914159774780273,133.9852294921875,146.8865966796875,624.1278076171875,146.93405151367188,624.0424194335938,0.09768880778228665,73.0136947631836
65,197,12061,30.90727424621582,147.56883239746094,152.39288330078125,639.2643432617188,152.52780151367188,639.2899169921875,0.1373205733300305,78.1344985961914
66,663,14485,119.2059097290039,160.94505310058594,251.51612854003906,654.3050537109375,251.57061767578125,654.3471069335938,0.06882978606465862,85.94184112548828
67,562,14007,98.77716064453125,153.9097442626953,228.60916137695312,646.4423217773438,228.6530303955078,646.4392700195312,0.04397503854117323,87.73255157470703
68,578,6752,102.39027404785156,152.47557067871094,232.695068359375,644.7605590820312,232.7066192626953,644.8309936523438,0.07137543038484401,92.56889343261719
69,556,13985,97.29778289794922,173.9219207763672,226.91165161132812,668.9403686523438,226.98944091796875,668.905029296875,0.08544030824251429,94.13288116455078
70,837,9788,156.58889770507812,114.0399169921875,293.5391540527344,601.6616821289062,293.51531982421875,601.7099609375,0.053841562088845274,94.4933853149414
71,130,11867,21.58287239074707,185.93759155273438,141.99771118164062,682.3814086914062,142.05323791503906,682.3541870117188,0.06184042340500269,95.39916229248047
72,142,11896,23.16573715209961,177.3249053955078,143.76222229003906,672.9129028320312,143.83242797851562,672.6864624023438,0.23707405360251418,95.55103302001953
73,400,5651,65.58856964111328,150.6930389404297,191.48245239257812,642.9406127929688,191.4246368408203,642.812744140625,0.14033185767054857,95.60334777832031
74,469,6003,77.39671325683594,167.5133056640625,204.68768310546875,661.7080078125,204.66526794433594,661.7000732421875,0.023778075083024583,96.81941986083984
75,82,11730,15.199779510498047,117.00914764404297,134.8904571533203,605.039794921875,134.9269256591797,604.9873046875,0.063915386444562,97.07728576660156
76,52,11636,11.266860008239746,138.0465850830078,130.4909210205078,627.9649658203125,130.506591796875,628.5940551757812,0.629284506718573,97.48332977294922
77,226,4632,35.40439987182617,177.4491729736328,157.4902801513672,673.0888061523438,157.55918884277344,672.8324584960938,0.2654477888704104,97.50384521484375
78,581,6770,102.6998062133789,164.3385009765625,233.0596466064453,658.0955200195312,233.0517120361328,658.148681640625,0.053750491749931475,98.06120300292969
79,601,6884,106.78836059570312,136.2080535888672,237.68861389160156,626.582763671875,237.64332580566406,626.5723266601562,0.0464751755402786,99.27235412597656
80,348,12596,55.180198669433594,165.96224975585938,179.7960968017578,660.135986328125,179.7449493408203,659.9476928710938,0.19511660288435806,101.36567687988281
81,125,11845,20.46402359008789,143.03741455078125,140.8072967529297,634.0052490234375,140.81800842285156,634.1993408203125,0.19438715360507097,103.2860107421875
82,137,4207,22.820619583129883,135.4528045654297,143.48410034179688,625.7557373046875,143.46421813964844,625.6881103515625,0.07048905412361751,104.85704803466797
83,662,14477,118.84890747070312,167.89324951171875,251.12794494628906,662.1199340820312,251.16920471191406,662.1476440429688,0.049701209186374,105.19029998779297
84,378,5482,59.84556579589844,168.79273986816406,185.09666442871094,663.1375122070312,184.97708129882812,663.1275024414062,0.12000133482773029,105.6219711303711
85,542,13904,94.15740966796875,174.96070861816406,223.46707153320312,669.9376220703125,223.4661102294922,670.0696411132812,0.13202254281451073,107.39180755615234
86,683,14554,123.00749206542969,124.77381134033203,255.87655639648438,613.7025756835938,255.8398895263672,613.7447509765625,0.05588572895821071,109.8635482788086
87,131,11868,21.58287239074707,185.93759155273438,141.99771118164062,682.3814086914062,142.05323791503906,682.3541870117188,0.06184042340500269,112.19180297851562
88,500,6251,85.52798461914062,173.90000915527344,213.8309326171875,668.9452514648438,213.78536987304688,668.8743286132812,0.08429717983052853,112.30316162109375
89,216,4597,33.97236633300781,117.64688110351562,156.26052856445312,606.3402709960938,155.9776611328125,605.7103271484375,0.6905383661194535,113.08403778076172
90,296,5014,46.09250259399414,145.42881774902344,169.52828979492188,636.8818969726562,169.55935668945312,636.8949584960938,0.03370096927870433,113.53413391113281
91,793,8069,147.57907104492188,153.5269317626953,283.17437744140625,646.2546997070312,283.4057312011719,646.0326538085938,0.3206695232955684,113.66617584228516
92,336,5232,52.078121185302734,152.81097412109375,176.36276245117188,645.4469604492188,176.27008056640625,645.1837158203125,0.27908361903146134,114.32847595214844
93,1010,11221,192.5165252685547,116.53528594970703,333.89385986328125,604.525146484375,333.82763671875,604.5249633789062,0.06622339767196722,50.428165435791016
94,912,10404,173.73648071289062,179.9192352294922,312.6944885253906,675.62060546875,312.75860595703125,675.67919921875,0.08685777212922699,56.7714729309082
95,901,8732,171.40419006347656,182.94659423828125,310.1376037597656,679.0028686523438,310.141357421875,679.0774536132812,0.074679357102748,68.74591064453125
96,1025,11319,195.59144592285156,171.64645385742188,337.1839904785156,666.5308227539062,337.2853698730469,666.4010620117188,0.16466824784570244,69.065185546875
97,980,9164,187.29122924804688,154.072021484375,327.8606872558594,646.728759765625,327.9681701660156,646.6635131835938,0.12573659945464227,76.38062286376953
98,973,9147,186.52719116210938,165.6890411376953,326.9798583984375,659.7949829101562,327.1119384765625,659.7069091796875,0.15875178435591875,78.39005279541016
99,1044,11463,199.44297790527344,111.8156509399414,341.6120910644531,599.0630493164062,341.5993957519531,599.2296752929688,0.167108907676639,78.97467803955078
100,925,8874,176.3068389892578,150.9547576904297,315.6482849121094,643.0470581054688,315.6412658691406,643.158447265625,0.11161008899069955,101.78899383544922
101,1003,11168,191.3790283203125,128.51724243164062,332.5165100097656,618.1466064453125,332.5526428222656,617.9751586914062,0.17521390486676056,103.43597412109375
102,1008,9316,192.489990234375,167.2606964111328,333.8008117675781,661.2987060546875,333.80401611328125,661.4746704101562,0.17599352893478143,104.7377700805664
103,1023,36,194.8096466064453,120.21427917480469,336.1526184082031,608.6968383789062,336.4012756347656,608.6557006835938,0.252037152613218,115.8231430053711
104,936,8957,179.78282165527344,151.7891082763672,319.3250732421875,644.2277221679688,319.5419921875,644.0968017578125,0.25336531457752476,116.19810485839844
105,1009,9317,192.489990234375,167.2606964111328,333.8008117675781,661.2987060546875,333.80401611328125,661.4746704101562,0.17599352893478143,121.95081329345703
106,947,10756,181.34408569335938,156.19378662109375,321.3302307128906,648.5748901367188,321.2944030761719,649.04296875,0.46944776894149653,125.48705291748047
107,875,8561,164.08999633789062,113.21791076660156,301.9076232910156,600.8141479492188,301.9313049316406,600.7902221679688,0.03366397348968927,132.02651977539062
108,1030,124,196.1429443359375,128.60719299316406,338.203125,617.9965209960938,337.8985595703125,618.078125,0.3153082847218937,145.0655059814453
109,1043,11411,198.9307861328125,152.9489288330078,341.2087097167969,645.67822265625,341.0305480957031,645.4080810546875,0.32360168127731576,145.0655059814453
110,1081,11677,206.66323852539062,121.66922760009766,349.7008361816406,610.2744140625,349.70330810546875,610.2937622070312,0.01950541217750067,149.04026794433594
111,939,10721,180.2562255859375,189.4185028076172,320.1431579589844,686.3358764648438,320.0762634277344,686.35009765625,0.06838947723276166,149.74978637695312
112,892,10251,169.18443298339844,121.78166961669922,307.4293212890625,610.5897216796875,307.6476135253906,610.4049072265625,0.2860207728907584,158.87730407714844
113,969,10966,184.66036987304688,176.67994689941406,325.5159912109375,671.84228515625,325.0179138183594,672.0475463867188,0.5387144528699495,207.05796813964844
114,893,10263,169.18443298339844,121.78166961669922,307.4293212890625,610.5897216796875,307.6476135253906,610.4049072265625,0.2860207728907584,208.10813903808594
115,882,10142,166.36370849609375,123.07061004638672,304.4308166503906,611.7852783203125,304.48272705078125,611.8505859375,0.08342526314866526,226.7090606689453
