match_index,moving_keypoint_index,reference_keypoint_index,moving_x_px,moving_y_px,reference_x_px,reference_y_px,descriptor_distance,is_ransac_inlier
1,732,14708,133.1820831298828,55.094234466552734,267.1812744140625,535.3587036132812,55.09083557128906,1
2,529,13867,92.25682830810547,30.18834686279297,221.44837951660156,507.7256164550781,63.48228073120117,1
3,584,14150,103.3214111328125,37.290645599365234,233.86474609375,515.7772827148438,66.67082977294922,1
4,849,8411,158.77244567871094,69.3847885131836,296.0277404785156,551.6837768554688,67.69047546386719,1
5,695,14583,124.95851135253906,9.715315818786621,258.1144104003906,484.6744384765625,70.32780456542969,1
6,499,6253,85.51559448242188,37.40860366821289,213.83363342285156,515.7047729492188,74.58551788330078,1
7,840,8376,157.1425323486328,75.82131958007812,294.3423156738281,558.8272094726562,75.1531753540039,1
8,770,7953,143.2561798095703,49.655731201171875,278.56304931640625,529.4225463867188,75.43209075927734,1
9,299,12406,46.46562576293945,10.24991226196289,169.93209838867188,485.181884765625,76.49182891845703,1
10,292,12390,45.621620178222656,75.99888610839844,169.04989624023438,559.0186767578125,77.82030487060547,1
11,602,14218,106.83248901367188,29.667377471923828,237.72402954101562,506.9105224609375,78.358154296875,1
12,552,13965,96.35199737548828,29.773944854736328,226.06698608398438,506.9624328613281,78.82892608642578,1
13,842,8375,157.3417510986328,103.52426147460938,294.327392578125,589.9509887695312,80.1249008178711,1
14,388,5534,62.0082893371582,108.79450988769531,187.42002868652344,595.7822875976562,82.8070068359375,1
15,551,13962,96.35199737548828,29.773944854736328,226.06698608398438,506.9624328613281,82.90355682373047,1
16,855,8449,160.0328369140625,87.47034454345703,297.5926513671875,572.2943725585938,86.51011657714844,1
17,280,4924,43.42165756225586,41.497886657714844,166.59774780273438,520.3153686523438,86.5794448852539,1
18,788,8035,146.4231719970703,57.162437438964844,282.0091552734375,537.5767211914062,87.48714447021484,1
19,397,12816,65.2372817993164,103.8612060546875,191.06488037109375,590.48291015625,89.87769317626953,1
20,89,11758,15.867132186889648,104.13314819335938,135.80926513671875,590.37646484375,92.09777069091797,1
21,789,8053,146.8224639892578,62.62200927734375,282.4671936035156,544.0769653320312,93.58419036865234,1
22,679,7361,122.66439819335938,32.397552490234375,255.47763061523438,510.22076416015625,93.99468231201172,1
23,223,4624,35.05790328979492,100.92822265625,157.174072265625,587.1544189453125,94.91048431396484,1
24,244,4742,38.392452239990234,98.66486358642578,160.8579559326172,584.3671264648438,95.00526428222656,1
25,791,8071,147.50843811035156,49.365196228027344,283.2637939453125,528.8162231445312,95.57196044921875,1
26,278,4922,43.42165756225586,41.497886657714844,166.59774780273438,520.3153686523438,97.83660125732422,1
27,116,4096,18.908899307250977,103.59308624267578,139.13436889648438,589.8580932617188,98.26494598388672,1
28,649,7160,116.29956817626953,37.34233856201172,248.23533630371094,515.7703857421875,101.69070434570312,1
29,568,14024,99.797607421875,52.878902435302734,229.7866668701172,533.0731201171875,102.5865478515625,1
30,270,4883,42.113861083984375,50.95306396484375,165.18223571777344,531.1149291992188,102.61091613769531,1
31,132,4184,22.07063865661621,103.24148559570312,142.6674041748047,589.4254150390625,105.66929626464844,1
32,372,5433,58.6396598815918,109.16483306884766,183.70298767089844,596.3490600585938,107.03270721435547,1
33,850,8419,158.80197143554688,110.08885192871094,296.3329162597656,597.2404174804688,107.93053436279297,1
34,66,11660,12.466060638427734,54.296661376953125,131.813232421875,534.66455078125,108.93116760253906,1
35,706,14616,126.5755615234375,88.05821990966797,259.815185546875,571.98583984375,109.25199890136719,1
36,865,8513,162.51805114746094,68.84507751464844,300.1306457519531,550.9913940429688,66.01515197753906,1
37,874,10070,163.9364471435547,76.43282318115234,301.6086120605469,559.5119018554688,80.96295166015625,1
38,897,8700,169.9591522216797,35.43302536010742,308.49334716796875,513.5357055664062,82.85529327392578,1
39,887,8634,167.0334930419922,105.13748168945312,305.1016540527344,591.8588256835938,83.90470886230469,1
40,1026,11337,195.70127868652344,106.0855941772461,337.4423522949219,593.0432739257812,85.17041778564453,1
41,900,8719,170.8553009033203,20.828262329101562,309.5361328125,496.92730712890625,89.4315414428711,1
42,862,8507,162.2357177734375,93.21098327636719,299.90509033203125,578.6552734375,91.71695709228516,1
43,1033,11347,196.38856506347656,110.4620132446289,338.3730773925781,597.6380004882812,95.01052856445312,1
44,914,8805,174.20761108398438,11.52468204498291,313.0959167480469,486.5791320800781,96.25486755371094,1
45,992,9229,189.53616333007812,93.87688446044922,330.65533447265625,579.1946411132812,98.0866928100586,1
46,1031,122,196.2611083984375,100.56597137451172,338.04638671875,586.5035400390625,102.54754638671875,1
47,919,8832,174.62376403808594,35.54368209838867,313.775390625,513.6904907226562,111.62885284423828,1
48,967,10903,184.430419921875,80.05218505859375,324.92742919921875,563.6486206054688,112.56997680664062,1
49,866,8520,162.6768798828125,99.64512634277344,300.2976379394531,585.527099609375,115.46427917480469,1
50,903,8764,172.76419067382812,49.8616828918457,311.57391357421875,529.7050170898438,120.78907012939453,1
51,879,10125,165.87071228027344,15.477770805358887,303.912109375,490.9820251464844,130.410888671875,1
52,870,8537,163.46693420410156,46.193931579589844,301.1345520019531,525.5135498046875,133.03758239746094,1
53,985,9194,188.4804229736328,81.05136108398438,329.2966613769531,564.4490966796875,154.8773651123047,1
54,972,10986,185.9783935546875,89.5711898803711,326.44598388671875,573.8945922851562,170.1264190673828,1
55,1070,11637,204.2446746826172,31.060670852661133,347.1095275878906,508.860107421875,182.37599182128906,1
56,1014,11243,193.354736328125,67.66323852539062,334.46270751953125,549.8480834960938,187.87762451171875,1
57,987,11069,188.9169158935547,88.91565704345703,329.6988830566406,573.75244140625,190.1551971435547,1
58,505,6304,87.15992736816406,169.40675354003906,215.66436767578125,663.9358520507812,37.0675048828125,1
59,439,5872,72.7647705078125,161.56640625,199.4770050048828,654.9579467773438,50.29910659790039,1
60,470,6004,77.39671325683594,167.5133056640625,204.68768310546875,661.7080078125,52.5927734375,1
61,484,6112,81.06674194335938,165.71290588378906,208.7353515625,659.5553588867188,58.830265045166016,1
62,493,13693,84.25432586669922,165.24661254882812,212.28909301757812,658.9036865234375,66.8580551147461,1
63,51,11635,11.266860008239746,138.0465850830078,130.4909210205078,627.9649658203125,72.41546630859375,1
64,162,4305,25.914159774780273,133.9852294921875,146.8865966796875,624.1278076171875,73.0136947631836,1
65,197,12061,30.90727424621582,147.56883239746094,152.39288330078125,639.2643432617188,78.1344985961914,1
66,663,14485,119.2059097290039,160.94505310058594,251.51612854003906,654.3050537109375,85.94184112548828,1
67,562,14007,98.77716064453125,153.9097442626953,228.60916137695312,646.4423217773438,87.73255157470703,1
68,578,6752,102.39027404785156,152.47557067871094,232.695068359375,644.7605590820312,92.56889343261719,1
69,556,13985,97.29778289794922,173.9219207763672,226.91165161132812,668.9403686523438,94.13288116455078,1
70,837,9788,156.58889770507812,114.0399169921875,293.5391540527344,601.6616821289062,94.4933853149414,1
71,130,11867,21.58287239074707,185.93759155273438,141.99771118164062,682.3814086914062,95.39916229248047,1
72,142,11896,23.16573715209961,177.3249053955078,143.76222229003906,672.9129028320312,95.55103302001953,1
73,400,5651,65.58856964111328,150.6930389404297,191.48245239257812,642.9406127929688,95.60334777832031,1
74,469,6003,77.39671325683594,167.5133056640625,204.68768310546875,661.7080078125,96.81941986083984,1
75,82,11730,15.199779510498047,117.00914764404297,134.8904571533203,605.039794921875,97.07728576660156,1
76,52,11636,11.266860008239746,138.0465850830078,130.4909210205078,627.9649658203125,97.48332977294922,1
77,226,4632,35.40439987182617,177.4491729736328,157.4902801513672,673.0888061523438,97.50384521484375,1
78,581,6770,102.6998062133789,164.3385009765625,233.0596466064453,658.0955200195312,98.06120300292969,1
79,601,6884,106.78836059570312,136.2080535888672,237.68861389160156,626.582763671875,99.27235412597656,1
80,348,12596,55.180198669433594,165.96224975585938,179.7960968017578,660.135986328125,101.36567687988281,1
81,125,11845,20.46402359008789,143.03741455078125,140.8072967529297,634.0052490234375,103.2860107421875,1
82,137,4207,22.820619583129883,135.4528045654297,143.48410034179688,625.7557373046875,104.85704803466797,1
83,662,14477,118.84890747070312,167.89324951171875,251.12794494628906,662.1199340820312,105.19029998779297,1
84,378,5482,59.84556579589844,168.79273986816406,185.09666442871094,663.1375122070312,105.6219711303711,1
85,542,13904,94.15740966796875,174.96070861816406,223.46707153320312,669.9376220703125,107.39180755615234,1
86,683,14554,123.00749206542969,124.77381134033203,255.87655639648438,613.7025756835938,109.8635482788086,1
87,131,11868,21.58287239074707,185.93759155273438,141.99771118164062,682.3814086914062,112.19180297851562,1
88,500,6251,85.52798461914062,173.90000915527344,213.8309326171875,668.9452514648438,112.30316162109375,1
89,216,4597,33.97236633300781,117.64688110351562,156.26052856445312,606.3402709960938,113.08403778076172,1
90,296,5014,46.09250259399414,145.42881774902344,169.52828979492188,636.8818969726562,113.53413391113281,1
91,793,8069,147.57907104492188,153.5269317626953,283.17437744140625,646.2546997070312,113.66617584228516,1
92,336,5232,52.078121185302734,152.81097412109375,176.36276245117188,645.4469604492188,114.32847595214844,1
93,1010,11221,192.5165252685547,116.53528594970703,333.89385986328125,604.525146484375,50.428165435791016,1
94,912,10404,173.73648071289062,179.9192352294922,312.6944885253906,675.62060546875,56.7714729309082,1
95,901,8732,171.40419006347656,182.94659423828125,310.1376037597656,679.0028686523438,68.74591064453125,1
96,1025,11319,195.59144592285156,171.64645385742188,337.1839904785156,666.5308227539062,69.065185546875,1
97,980,9164,187.29122924804688,154.072021484375,327.8606872558594,646.728759765625,76.38062286376953,1
98,973,9147,186.52719116210938,165.6890411376953,326.9798583984375,659.7949829101562,78.39005279541016,1
99,1044,11463,199.44297790527344,111.8156509399414,341.6120910644531,599.0630493164062,78.97467803955078,1
100,925,8874,176.3068389892578,150.9547576904297,315.6482849121094,643.0470581054688,101.78899383544922,1
101,1003,11168,191.3790283203125,128.51724243164062,332.5165100097656,618.1466064453125,103.43597412109375,1
102,1008,9316,192.489990234375,167.2606964111328,333.8008117675781,661.2987060546875,104.7377700805664,1
103,1023,36,194.8096466064453,120.21427917480469,336.1526184082031,608.6968383789062,115.8231430053711,1
104,936,8957,179.78282165527344,151.7891082763672,319.3250732421875,644.2277221679688,116.19810485839844,1
105,1009,9317,192.489990234375,167.2606964111328,333.8008117675781,661.2987060546875,121.95081329345703,1
106,947,10756,181.34408569335938,156.19378662109375,321.3302307128906,648.5748901367188,125.48705291748047,1
107,875,8561,164.08999633789062,113.21791076660156,301.9076232910156,600.8141479492188,132.02651977539062,1
108,1030,124,196.1429443359375,128.60719299316406,338.203125,617.9965209960938,145.0655059814453,1
109,1043,11411,198.9307861328125,152.9489288330078,341.2087097167969,645.67822265625,145.0655059814453,1
110,1081,11677,206.66323852539062,121.66922760009766,349.7008361816406,610.2744140625,149.04026794433594,1
111,939,10721,180.2562255859375,189.4185028076172,320.1431579589844,686.3358764648438,149.74978637695312,1
112,892,10251,169.18443298339844,121.78166961669922,307.4293212890625,610.5897216796875,158.87730407714844,1
113,969,10966,184.66036987304688,176.67994689941406,325.5159912109375,671.84228515625,207.05796813964844,1
114,893,10263,169.18443298339844,121.78166961669922,307.4293212890625,610.5897216796875,208.10813903808594,1
115,882,10142,166.36370849609375,123.07061004638672,304.4308166503906,611.7852783203125,226.7090606689453,1
